breadth_first_search,triangles_count,bellman_ford
4.1244593980081845,14.966576457998599,0
4.556513432005886,10.822769509002683,0
5.817699824998272,11.200771710995468,0
4.16162765500485,18.961130347001017,0
4.186055359998136,14.065854624001076,0
