breadth_first_search,triangles_count,bellman_ford
3.180516774998978,0.8878827100124909,6.757272517992533
2.269920396996895,0.8534363619983196,5.523272006001207
2.168157723994227,0.8742828230024315,5.9546743870014325
2.386855767996167,0.8803335650009103,4.653927028994076
2.5028561640065163,1.0679655440035276,5.589894714998081
