breadth_first_search,triangles_count,bellman_ford
13.228158215992153,590.3335133729997,43.539271943998756
12.02455603700946,596.8375002539979,51.7910853420035
15.092283345002215,581.2295429259975,52.76714549200551
13.08640504500363,583.1880778729974,48.08191160899878
12.222832311992534,589.1868635230057,45.91646411801048
