CPU,CPU_parallel,GPU
8.541081,2.230201,1.074290
8.507040,2.181369,1.103974
8.584225,2.184917,1.056442
8.708010,2.632190,1.067228
8.671087,2.725108,1.177204
8.572533,2.914773,1.139609
8.610257,2.931543,1.255591
8.614880,2.326294,1.346994
8.596845,2.521683,1.181897
8.570347,2.461124,1.140760