CPU,CPU_parallel,GPU
0.395464,0.107558,0.110887
0.406557,0.115654,0.112982
0.396658,0.111752,0.117659
0.390880,0.110530,0.110981
0.390448,0.111572,0.116343
0.399970,0.115273,0.114283
0.391301,0.116514,0.114256
0.392698,0.116494,0.117726
0.404649,0.113598,0.112057
0.397388,0.111893,0.112184