CPU,CPU_parallel,GPU
1.027474,0.296948,0.201636
1.014455,0.273164,0.204982
1.011382,0.265794,0.205613
1.025327,0.264863,0.211725
1.015187,0.265348,0.206683
1.018682,0.268607,0.207281
1.014014,0.271698,0.203799
1.021951,0.270895,0.218330
1.014257,0.269693,0.215901
1.014846,0.266502,0.207494