CPU,CPU_parallel,GPU
2.307698,0.596164,0.441757
2.291791,0.623423,0.435578
2.309900,0.592109,0.421478
2.294288,0.590025,0.418242
2.305192,0.587876,0.419035
2.314198,0.603520,0.444168
2.300931,0.598915,0.424930
2.311095,0.590221,0.433834
2.310875,0.591577,0.433796
2.301061,0.589701,0.432456