CPU,CPU_parallel,GPU
16.827562,4.327697,1.316133
16.671736,4.420966,1.497480
16.934054,4.320384,1.400387
16.758644,4.322950,1.499330
16.692784,4.313234,1.411260
16.691019,4.331717,1.416465
16.822178,4.293194,1.416377
16.939727,4.319877,1.496088
16.934105,4.306342,1.401105
16.857000,4.285400,1.503409