CPU,CPU_parallel,GPU
0.253267,0.067124,0.086622
0.251452,0.072695,0.089245
0.249352,0.073512,0.088764
0.249020,0.073236,0.090928
0.248778,0.069179,0.090435
0.250267,0.067383,0.090043
0.249502,0.068670,0.089345
0.248412,0.070430,0.087235
0.248640,0.070248,0.091849
0.248172,0.070531,0.096445