breadth_first_search,triangles_count,bellman_ford
3.9626560589967994,0,0
3.253538667006069,0,0
3.2861998279986437,0,0
3.2481254960002843,0,0
3.206655950998538,0,0
