breadth_first_search,triangles_count,bellman_ford
5.613182097993558,0,26.65661585300404
5.720946897999966,0,25.71592206999776
5.754681670994614,0,25.628054882996366
5.679971760007902,0,26.47548429800372
5.729630639994866,0,26.905560615996365
