breadth_first_search,triangles_count,bellman_ford
3.7307796829991275,0,5.658640308000031
2.7537239899975248,0,5.37062273301126
2.886187335010618,0,5.473365749989171
2.4545856970071327,0,5.807222132993047
2.691729269005009,0,5.15888736701163
