breadth_first_search,triangles_count,bellman_ford
3.078732193003816,0,12.328427420994558
3.1018231869966257,0,11.833814397999959
3.0956914169946685,0,11.808434015001694
3.1349747929998557,0,11.914499222999439
3.1318625720014097,0,11.18220620300417
