breadth_first_search,triangles_count,bellman_ford
3.473113188010757,0,0
3.2971812640025746,0,0
3.302179566991981,0,0
3.256826443001046,0,0
3.256341070009512,0,0
