breadth_first_search,triangles_count,bellman_ford
3.144836880004732,0,5.536694676004117
2.9977790720004123,0,5.208098186994903
3.000964967010077,0,5.106043452993617
3.142353100993205,0,4.955285706993891
2.7756472790060798,0,4.9418000069999835
