breadth_first_search,triangles_count,bellman_ford
4.374352810002165,0,6.349101097002858
3.566197739011841,0,6.077124971998273
2.8127753700100584,0,5.217735069003538
4.695112456000061,0,5.578459743002895
2.826444473990705,0,5.061722915008431
