breadth_first_search,triangles_count,bellman_ford
2.0882635100024345,0,4.253043814998819
1.7608321349980542,0,4.024167709001631
1.7557480649993522,0,4.001177591999294
1.949128346001089,0,4.1509981640047044
0.08008291500300402,0,0.0013520759966922924
