breadth_first_search,triangles_count,bellman_ford
5.990221432002727,0,29.131450318993302
5.644243745991844,0,25.57046040100977
5.622474841991789,0,25.24796271599189
5.623114488989813,0,25.12091162899742
5.579446698990068,0,25.062984927004436
