breadth_first_search,triangles_count,bellman_ford
3.391198933000851,0,4325.236796080997
3.2693968219973613,0,4069.7209457520003
3.2766807329971925,0,4069.3303209809965
3.4083793140016496,0,4070.8171553680004
0.05102801699831616,0,4070.820051395007
