breadth_first_search,triangles_count,bellman_ford
3.4371250519907335,2.360029611736536e-07,13.276198076011497
3.5522794029966462,2.2001040633767843e-07,13.445788721001009
3.266447463000077,2.1900632418692112e-07,12.74061436500051
3.2463192170107504,2.2500171326100826e-07,12.640128598999581
3.300669463002123,2.1900632418692112e-07,12.117613692011219
