breadth_first_search,triangles_count,bellman_ford
3.6395214649965055,2.3700704332441092e-07,0
3.428915684999083,2.390006557106972e-07,0
3.2518545820057625,2.1900632418692112e-07,0
3.393530760993599,2.309971023350954e-07,0
3.382866486994317,2.4199835024774075e-07,0
