breadth_first_search,triangles_count,bellman_ford
5.720577035986935,0,25.96929711601115
5.761529448005604,0,26.040785966004478
5.800244744008523,0,25.987433766000322
5.785791418005829,0,25.880605438011116
5.748425523008336,0,25.96544805499434
