breadth_first_search,triangles_count,bellman_ford
3.5401657879992854,0,0
3.3829101499868557,0,0
3.2387441509927157,0,0
4.205106388006243,0,0
3.20784755400382,0,0
