breadth_first_search,triangles_count,bellman_ford
2.2502717329916777,3.3300602808594704e-07,5.9175823889963794
1.8069890979968477,2.8299109544605017e-07,4.595820711998385
1.74651783000445,3.410095814615488e-07,4.247239156000433
2.9747244890022557,3.220047801733017e-07,4.181525630003307
2.025755021997611,2.4300243239849806e-07,5.019822920003207
