CPU,CPU_parallel,GPU
3.120464,0.790512,0.373790
3.115405,0.789894,0.374846
3.135100,0.814284,0.373748
3.127826,0.793336,0.377918
3.129409,0.792787,0.380760
3.126502,0.790746,0.372409
3.137778,0.803915,0.389041
3.123676,0.793753,0.381881
3.135260,0.791821,0.380236
3.137018,0.791018,0.385743