CPU,CPU_parallel,GPU
7.032285,1.819863,0.933092
7.015396,1.779767,0.942785
7.029478,1.778400,0.933600
7.016431,1.780195,0.932787
7.032450,1.779167,0.932287
7.025278,1.782490,0.938366
7.034974,1.795838,0.944915
7.031144,1.780724,0.932346
7.034773,1.778326,0.941222
7.030879,1.776637,0.935213