CPU,CPU_parallel,GPU
52.726411,13.062092,2.242172
52.354135,12.982469,2.293921
53.998818,13.019415,2.252384
54.189654,12.957190,2.388366
53.289706,12.987201,2.344604
53.447062,12.975067,2.254697
52.871568,12.958885,2.379433
52.910863,13.031871,2.350421
53.176607,12.961383,2.409576
52.767014,13.016467,2.235097