CPU,CPU_parallel,GPU
0.777953,0.225921,0.189395
0.776421,0.204261,0.181620
0.772968,0.199840,0.196552
0.772727,0.199930,0.192019
0.773297,0.200629,0.191279
0.773553,0.201198,0.199837
0.773847,0.202124,0.185646
0.772388,0.199554,0.196953
0.771908,0.199494,0.197618
0.773164,0.200066,0.188195