subseq,concurr,_
60.871993,52.847821,0
50.737049,53.346821,0
67.212676,64.896913,0
74.140202,51.828315,0
66.764007,54.830268,0