subseq,concurr,_
90.180274,78.645067,0
100.666981,80.865133,0
107.869738,85.782646,0
91.3457359,89.548682,0
104.017928,93.380613,0