subseq,concurr,_
9.198363,7.553092,0
9.658710,7.666867,0
8.632497,7.790282,0
9.197530,8.134905,0
9.111456,8.064112,0