subseq,concurr,_
0.874092,0.785257,0
0.923449,0.818547,0
0.898346,0.958821,0
0.865412,1.112759,0
1.002959,0.818116,0